{
  "timestamp": "2026-04-10T00:15:25",
  "n_runs": 5,
  "metrics": {
    "mcts_sim_per_s": {
      "median": 54179.84630305733,
      "p25": 53979.40581646169,
      "p75": 54212.01863829892,
      "iqr": 232.61282183723233,
      "min": 53789.81201321675,
      "max": 54419.536155690505,
      "n": 5
    },
    "nn_inference_pos_per_s": {
      "median": 8692.60543154376,
      "p25": 8665.631616482508,
      "p75": 8792.531247834082,
      "iqr": 126.8996313515745,
      "min": 8616.800732163345,
      "max": 8868.85632020648,
      "n": 5
    },
    "nn_latency_mean_ms": {
      "median": 1.6322536426337644,
      "p25": 1.5406037411755986,
      "p75": 1.6394104639119986,
      "iqr": 0.09880672273640001,
      "min": 1.5322712068963382,
      "max": 1.6947182161836989,
      "n": 5
    },
    "buffer_push_per_s": {
      "median": 725535.1346548351,
      "p25": 707456.7357674598,
      "p75": 738042.6750435864,
      "iqr": 30585.939276126563,
      "min": 703230.4813946475,
      "max": 830456.1498822926,
      "n": 5
    },
    "buffer_sample_raw_us": {
      "median": 1089.30717248586,
      "p25": 1086.4157455216628,
      "p75": 1089.830262499163,
      "iqr": 3.4145169775001705,
      "min": 1080.1475179905538,
      "max": 1097.2916779865045,
      "n": 5
    },
    "buffer_sample_aug_us": {
      "median": 1021.6990280896424,
      "p25": 1021.3068519951776,
      "p75": 1039.8411819478497,
      "iqr": 18.534329952672124,
      "min": 1002.5345240719616,
      "max": 1106.054947944358,
      "n": 5
    },
    "gpu_util_pct": {
      "median": 100.0,
      "p25": 100.0,
      "p75": 100.0,
      "iqr": 0.0,
      "min": 94.87988422575977,
      "max": 100.0,
      "n": 5
    },
    "vram_used_gb": {
      "median": 0.046971392,
      "p25": 0.046971392,
      "p75": 0.046971392,
      "iqr": 0.0,
      "min": 0.046971392,
      "max": 0.046971392,
      "n": 5
    },
    "worker_pos_per_hr": {
      "median": 588835.8842792235,
      "p25": 488127.28045894526,
      "p75": 638139.7118551166,
      "iqr": 150012.4313961714,
      "min": 427357.1333934267,
      "max": 767921.8466617898,
      "n": 5
    },
    "worker_batch_fill_pct": {
      "median": 100.0,
      "p25": 100.0,
      "p75": 100.0,
      "iqr": 0.0,
      "min": 100.0,
      "max": 100.0,
      "n": 5
    }
  },
  "targets_met": {
    "mcts_sim_per_s": true,
    "nn_inference_pos_per_s": true,
    "nn_latency_mean_ms": true,
    "buffer_push_per_s": true,
    "buffer_sample_raw_us": true,
    "buffer_sample_aug_us": true,
    "gpu_util_pct": true,
    "vram_used_gb": true,
    "worker_pos_per_hr": false,
    "worker_batch_fill_pct": true
  },
  "all_targets_met": false
}