{
  "timestamp": "2026-04-10T00:01:50",
  "n_runs": 5,
  "metrics": {
    "mcts_sim_per_s": {
      "median": 52612.62539438612,
      "p25": 52493.68087824152,
      "p75": 52744.0680410507,
      "iqr": 250.38716280918015,
      "min": 51595.885280157905,
      "max": 52965.10290910637,
      "n": 5
    },
    "nn_inference_pos_per_s": {
      "median": 8402.876736498303,
      "p25": 8397.335287434991,
      "p75": 8404.537322305707,
      "iqr": 7.202034870715579,
      "min": 8394.369641385583,
      "max": 8423.604651417483,
      "n": 5
    },
    "nn_latency_mean_ms": {
      "median": 1.674556783400476,
      "p25": 1.6671343917389296,
      "p75": 1.6821442747540358,
      "iqr": 0.015009883015106196,
      "min": 1.6641078268488247,
      "max": 1.6915764366017862,
      "n": 5
    },
    "buffer_push_per_s": {
      "median": 693504.2636022188,
      "p25": 685397.5781455735,
      "p75": 729130.8197889037,
      "iqr": 43733.2416433302,
      "min": 653663.9407582066,
      "max": 734499.5623772966,
      "n": 5
    },
    "buffer_sample_raw_us": {
      "median": 1123.5526079835836,
      "p25": 1089.279654523125,
      "p75": 1126.820609002607,
      "iqr": 37.540954479482025,
      "min": 1089.121808501659,
      "max": 1131.179506512126,
      "n": 5
    },
    "buffer_sample_aug_us": {
      "median": 1042.8151660598814,
      "p25": 1036.3369500264525,
      "p75": 1056.6318460041657,
      "iqr": 20.294895977713168,
      "min": 1035.9367100754753,
      "max": 1103.5999299492687,
      "n": 5
    },
    "gpu_util_pct": {
      "median": 99.90151515151516,
      "p25": 99.9,
      "p75": 99.90166414523449,
      "iqr": 0.0016641452344856589,
      "min": 97.1350531107739,
      "max": 99.90166414523449,
      "n": 5
    },
    "vram_used_gb": {
      "median": 0.046971392,
      "p25": 0.046971392,
      "p75": 0.046971392,
      "iqr": 0.0,
      "min": 0.046971392,
      "max": 0.046971392,
      "n": 5
    },
    "worker_pos_per_hr": {
      "median": 544124.3038231524,
      "p25": 542961.8126049626,
      "p75": 581652.5094721843,
      "iqr": 38690.69686722173,
      "min": 428317.25553792756,
      "max": 585137.0125327125,
      "n": 5
    },
    "worker_batch_fill_pct": {
      "median": 100.0,
      "p25": 99.99608355091384,
      "p75": 100.0,
      "iqr": 0.003916449086162288,
      "min": 99.99477042150403,
      "max": 100.0,
      "n": 5
    }
  },
  "targets_met": {
    "mcts_sim_per_s": true,
    "nn_inference_pos_per_s": false,
    "nn_latency_mean_ms": true,
    "buffer_push_per_s": true,
    "buffer_sample_raw_us": true,
    "buffer_sample_aug_us": true,
    "gpu_util_pct": true,
    "vram_used_gb": true,
    "worker_pos_per_hr": false,
    "worker_batch_fill_pct": true
  },
  "all_targets_met": false
}