{
  "timestamp": "2026-04-10T00:08:39",
  "n_runs": 5,
  "metrics": {
    "mcts_sim_per_s": {
      "median": 53232.489878456945,
      "p25": 52985.87538076475,
      "p75": 53631.37441594967,
      "iqr": 645.4990351849192,
      "min": 52953.75031575129,
      "max": 53654.27828585973,
      "n": 5
    },
    "nn_inference_pos_per_s": {
      "median": 8347.301145769667,
      "p25": 8341.955293114823,
      "p75": 8348.464472308033,
      "iqr": 6.509179193210002,
      "min": 8341.099875568396,
      "max": 8349.84529740364,
      "n": 5
    },
    "nn_latency_mean_ms": {
      "median": 1.7691011293532535,
      "p25": 1.7627948825247586,
      "p75": 1.781884337283878,
      "iqr": 0.019089454759119384,
      "min": 1.7623271095928632,
      "max": 1.7967337728219315,
      "n": 5
    },
    "buffer_push_per_s": {
      "median": 753260.3160717507,
      "p25": 725969.7281671435,
      "p75": 753838.2642783045,
      "iqr": 27868.536111160996,
      "min": 666330.3489496215,
      "max": 766863.9913503511,
      "n": 5
    },
    "buffer_sample_raw_us": {
      "median": 1109.5484170073178,
      "p25": 1107.2290825250093,
      "p75": 1121.0510105011053,
      "iqr": 13.821927976096049,
      "min": 1105.2474510215688,
      "max": 1122.4257585126907,
      "n": 5
    },
    "buffer_sample_aug_us": {
      "median": 1057.8358080238104,
      "p25": 1054.6823220793158,
      "p75": 1080.1982120610774,
      "iqr": 25.515889981761575,
      "min": 1031.8523340392858,
      "max": 1084.5762540120631,
      "n": 5
    },
    "gpu_util_pct": {
      "median": 100.0,
      "p25": 100.0,
      "p75": 100.0,
      "iqr": 0.0,
      "min": 92.3969465648855,
      "max": 100.0,
      "n": 5
    },
    "vram_used_gb": {
      "median": 0.046971392,
      "p25": 0.046971392,
      "p75": 0.046971392,
      "iqr": 0.0,
      "min": 0.046971392,
      "max": 0.046971392,
      "n": 5
    },
    "worker_pos_per_hr": {
      "median": 740372.0545864699,
      "p25": 428322.48711508675,
      "p75": 766902.0261832108,
      "iqr": 338579.539068124,
      "min": 415164.60611992213,
      "max": 781343.6933401083,
      "n": 5
    },
    "worker_batch_fill_pct": {
      "median": 100.0,
      "p25": 100.0,
      "p75": 100.0,
      "iqr": 0.0,
      "min": 99.9972423767036,
      "max": 100.0,
      "n": 5
    }
  },
  "targets_met": {
    "mcts_sim_per_s": true,
    "nn_inference_pos_per_s": false,
    "nn_latency_mean_ms": true,
    "buffer_push_per_s": true,
    "buffer_sample_raw_us": true,
    "buffer_sample_aug_us": true,
    "gpu_util_pct": true,
    "vram_used_gb": true,
    "worker_pos_per_hr": true,
    "worker_batch_fill_pct": true
  },
  "all_targets_met": false
}