{
  "timestamp": "2026-04-10T00:22:10",
  "n_runs": 5,
  "metrics": {
    "mcts_sim_per_s": {
      "median": 55101.21058833292,
      "p25": 54985.213301153584,
      "p75": 55246.33769472313,
      "iqr": 261.12439356954565,
      "min": 54901.89906606426,
      "max": 55249.670161889124,
      "n": 5
    },
    "nn_inference_pos_per_s": {
      "median": 8688.117803013452,
      "p25": 8681.140195790387,
      "p75": 8810.826064214358,
      "iqr": 129.68586842397053,
      "min": 8670.247392110501,
      "max": 8813.081616157428,
      "n": 5
    },
    "nn_latency_mean_ms": {
      "median": 1.5563652413483295,
      "p25": 1.5528829734668963,
      "p75": 1.6205567778605554,
      "iqr": 0.06767380439365911,
      "min": 1.5446597460605618,
      "max": 1.6425787045672122,
      "n": 5
    },
    "buffer_push_per_s": {
      "median": 725143.1776771541,
      "p25": 693328.5199771038,
      "p75": 751629.3444053,
      "iqr": 58300.82442819618,
      "min": 551513.2687173585,
      "max": 755781.749509057,
      "n": 5
    },
    "buffer_sample_raw_us": {
      "median": 1084.4829925044905,
      "p25": 1080.6233029870782,
      "p75": 1086.466319509782,
      "iqr": 5.843016522703692,
      "min": 1077.6981275121216,
      "max": 1093.7190029944759,
      "n": 5
    },
    "buffer_sample_aug_us": {
      "median": 1018.2995439972728,
      "p25": 1017.3623699229211,
      "p75": 1020.8089720690624,
      "iqr": 3.4466021461413447,
      "min": 1013.4656840236859,
      "max": 1028.9721499430016,
      "n": 5
    },
    "gpu_util_pct": {
      "median": 100.0,
      "p25": 99.90524781341108,
      "p75": 100.0,
      "iqr": 0.09475218658892004,
      "min": 96.55474452554745,
      "max": 100.0,
      "n": 5
    },
    "vram_used_gb": {
      "median": 0.046971392,
      "p25": 0.046971392,
      "p75": 0.046971392,
      "iqr": 0.0,
      "min": 0.046971392,
      "max": 0.046971392,
      "n": 5
    },
    "worker_pos_per_hr": {
      "median": 498985.42725052946,
      "p25": 492921.27834229567,
      "p75": 687119.5412332081,
      "iqr": 194198.26289091248,
      "min": 490238.1555163983,
      "max": 745528.1755105649,
      "n": 5
    },
    "worker_batch_fill_pct": {
      "median": 100.0,
      "p25": 100.0,
      "p75": 100.0,
      "iqr": 0.0,
      "min": 100.0,
      "max": 100.0,
      "n": 5
    }
  },
  "targets_met": {
    "mcts_sim_per_s": true,
    "nn_inference_pos_per_s": true,
    "nn_latency_mean_ms": true,
    "buffer_push_per_s": true,
    "buffer_sample_raw_us": true,
    "buffer_sample_aug_us": true,
    "gpu_util_pct": true,
    "vram_used_gb": true,
    "worker_pos_per_hr": false,
    "worker_batch_fill_pct": true
  },
  "all_targets_met": false
}