{
  "iqr_ns_per_pos": 30381.5636363636,
  "max_edges": 4224,
  "max_nodes": 593,
  "mean_edges": 2890.690909090909,
  "mean_nodes": 470.4727272727273,
  "median_ns_per_pos": 539179.8545454545,
  "n_positions": 55,
  "n_reps": 10,
  "ns_per_pos_reps": [
    511562.10909090907,
    555870.5272727272,
    548047.490909091,
    515894.2363636364,
    553394.2545454545,
    536235.1454545455,
    539636.4363636364,
    523012.6909090909,
    555162.4727272728,
    538723.2727272727
  ],
  "placement_radius": 6,
  "unstable": false,
  "win_length": 6
}