{
  "arm": "175k",
  "ckpt_step": 175000,
  "ckpt_sha": "c615beb3f7a8ce97",
  "encoding": "v6_live2_ls",
  "host": "02e023b4079b",
  "execution_mode": "vast_parallel_sealbot",
  "n_workers": 20,
  "game_timeout_s": 600,
  "n_loss": 52,
  "loss_eff_n": 52,
  "n_win_control": 52,
  "win_eff_n": 52,
  "loss_distinct_openings": 43,
  "win_distinct_openings": 39,
  "pos_eff_n": 1134,
  "prover": "sealbot",
  "solver_rung": "sealbot_d6_to_d8",
  "solver_depths": [
    6,
    7,
    8
  ],
  "solver_window_half": 9,
  "solver_colony_max_coord": 60,
  "solver_colony_max_clusters": 4,
  "solver_probe_cap_s": 5.0,
  "solver_total_probes": 932,
  "solver_cap_hit_frac": 0.6695278969957081,
  "solver_game_timeouts": 0,
  "class_counts": {
    "LATE": 26,
    "EARLY": 15,
    "MID": 5,
    "UNMEASURABLE": 6
  },
  "class_fracs": {
    "LATE": 0.5,
    "EARLY": 0.28846153846153844,
    "MID": 0.09615384615384616,
    "UNMEASURABLE": 0.11538461538461539
  },
  "power_degraded": false,
  "unmeasurable_frac": 0.11538461538461539,
  "LATE": {
    "count": 26,
    "frac": 0.5,
    "wilson_ci_95": [
      0.3688563855796992,
      0.6311436144203009
    ],
    "clustered_bootstrap_ci_95": [
      0.37993396226415094,
      0.6326530612244898
    ]
  },
  "EARLY": {
    "count": 15,
    "frac": 0.28846153846153844,
    "wilson_ci_95": [
      0.1832980234182869,
      0.4227304571410092
    ],
    "clustered_bootstrap_ci_95": [
      0.17647058823529413,
      0.4117647058823529
    ]
  },
  "MID": {
    "count": 5
  },
  "UNMEASURABLE": {
    "count": 6
  },
  "never_crossed_v_count": 18,
  "false_pessimism": {
    "-0.3": {
      "count_v": 1,
      "frac_v": 0.019230769230769232,
      "count_q": 0,
      "frac_q": 0.0
    },
    "-0.5": {
      "count_v": 0,
      "frac_v": 0.0,
      "count_q": 0,
      "frac_q": 0.0
    },
    "-0.7": {
      "count_v": 0,
      "frac_v": 0.0,
      "count_q": 0,
      "frac_q": 0.0
    }
  },
  "lag_raw_dist": {
    "min": -65.0,
    "median": 1.0,
    "mean": -1.7096774193548387,
    "max": 7.0
  },
  "lag_srch_dist": {
    "min": -3.0,
    "median": 2.0,
    "mean": 2.25,
    "max": 9.0
  },
  "lag_raw_values": [
    3,
    -1,
    -1,
    -3,
    -5,
    1,
    -1,
    4,
    -11,
    5,
    3,
    0,
    3,
    -1,
    1,
    -5,
    -19,
    5,
    5,
    7,
    3,
    1,
    1,
    3,
    3,
    3,
    -1,
    1,
    -65,
    3,
    5
  ],
  "lag_srch_values": [
    1,
    1,
    -3,
    4,
    3,
    3,
    3,
    3,
    1,
    1,
    3,
    9,
    1,
    1,
    1,
    1,
    3,
    1,
    3,
    5
  ],
  "aggregate_replay_match_rate": 0.9254498714652957,
  "sweep_class_fracs": {
    "-0.3": {
      "LATE": {
        "count": 22,
        "frac": 0.4230769230769231
      },
      "EARLY": {
        "count": 21,
        "frac": 0.40384615384615385
      },
      "MID": {
        "count": 4,
        "frac": 0.07692307692307693
      },
      "UNMEASURABLE": {
        "count": 5,
        "frac": 0.09615384615384616
      }
    },
    "-0.7": {
      "LATE": {
        "count": 29,
        "frac": 0.5576923076923077
      },
      "EARLY": {
        "count": 10,
        "frac": 0.19230769230769232
      },
      "MID": {
        "count": 6,
        "frac": 0.11538461538461539
      },
      "UNMEASURABLE": {
        "count": 7,
        "frac": 0.1346153846153846
      }
    }
  },
  "verdict": "MIXED",
  "verdict_detail": {},
  "cross_tab_early_late_censored": {
    "early_censored": 3,
    "early_uncensored": 12,
    "late_censored": 0,
    "late_uncensored": 26
  },
  "oscillation_count": 17,
  "oscillation_pre_streak_dist": {
    "min": 0.0,
    "median": 0.0,
    "mean": 0.4230769230769231,
    "max": 3.0
  },
  "median_ponr_minus_earliest_transient_turns": 0.0,
  "wall_s_total": 950.1014188600238
}