{
  "log": "reports/track_b_b4/logs/s181_b_20260523_1638.log",
  "n_events": 3000,
  "windows": {
    "steps_0_500": {
      "n_steps": 500,
      "shares_mean": {
        "pretrain": 0.09807462581067672,
        "recent": 0.3418808667134393,
        "uniform_self": 0.560044507475884
      },
      "shares_max": {
        "pretrain": 0.25113786902523383,
        "recent": 0.6336850808565637,
        "uniform_self": 0.857717590832532
      },
      "per_group_mean": {
        "trunk": {
          "pretrain": 0.1150550678759989,
          "recent": 0.3302502561725163,
          "uniform_self": 0.5546946759514857
        },
        "value": {
          "pretrain": 0.1710552427152643,
          "recent": 0.32055777837547506,
          "uniform_self": 0.5083869789092609
        },
        "policy": {
          "pretrain": 0.08669326508767862,
          "recent": 0.35002566436665794,
          "uniform_self": 0.563281070545663
        }
      }
    },
    "steps_500_1000": {
      "n_steps": 501,
      "shares_mean": {
        "pretrain": 0.09468951658692239,
        "recent": 0.3446167487659843,
        "uniform_self": 0.5606937346470928
      },
      "shares_max": {
        "pretrain": 0.2087919940787027,
        "recent": 0.614656680735651,
        "uniform_self": 0.8481064828789044
      },
      "per_group_mean": {
        "trunk": {
          "pretrain": 0.11683391570012325,
          "recent": 0.32987304582054733,
          "uniform_self": 0.5532930384793296
        },
        "value": {
          "pretrain": 0.18832535537384396,
          "recent": 0.3133602902337676,
          "uniform_self": 0.49831435439238886
        },
        "policy": {
          "pretrain": 0.07938998795644368,
          "recent": 0.3550301577587391,
          "uniform_self": 0.5655798542848165
        }
      }
    },
    "steps_500_2000": {
      "n_steps": 1501,
      "shares_mean": {
        "pretrain": 0.09245180837025263,
        "recent": 0.3446697745234969,
        "uniform_self": 0.5628784171062502
      },
      "shares_max": {
        "pretrain": 0.21037166388852188,
        "recent": 0.7167553855557968,
        "uniform_self": 0.8481064828789044
      },
      "per_group_mean": {
        "trunk": {
          "pretrain": 0.11467072414133755,
          "recent": 0.33171014714891894,
          "uniform_self": 0.5536191287097438
        },
        "value": {
          "pretrain": 0.1843670792459718,
          "recent": 0.31347568814421184,
          "uniform_self": 0.5021572326098172
        },
        "policy": {
          "pretrain": 0.07716418309683735,
          "recent": 0.35447755670405523,
          "uniform_self": 0.5683582601991068
        }
      }
    },
    "steps_1000_3000": {
      "n_steps": 2001,
      "shares_mean": {
        "pretrain": 0.08977884304904891,
        "recent": 0.3420357641279191,
        "uniform_self": 0.5681853928230324
      },
      "shares_max": {
        "pretrain": 0.21037166388852188,
        "recent": 0.7205208968993077,
        "uniform_self": 0.8452765765679258
      },
      "per_group_mean": {
        "trunk": {
          "pretrain": 0.1113522617050455,
          "recent": 0.33077776874028736,
          "uniform_self": 0.5578699695546665
        },
        "value": {
          "pretrain": 0.17718032213743287,
          "recent": 0.31013030056513746,
          "uniform_self": 0.5126893772974295
        },
        "policy": {
          "pretrain": 0.07503654936878472,
          "recent": 0.3512489969837727,
          "uniform_self": 0.5737144536474434
        }
      }
    },
    "all": {
      "n_steps": 3000,
      "shares_mean": {
        "pretrain": 0.09199020054683643,
        "recent": 0.342450498104406,
        "uniform_self": 0.5655593013487591
      },
      "shares_max": {
        "pretrain": 0.25113786902523383,
        "recent": 0.7205208968993077,
        "uniform_self": 0.857717590832532
      },
      "per_group_mean": {
        "trunk": {
          "pretrain": 0.11289195001800596,
          "recent": 0.33053465206527227,
          "uniform_self": 0.5565733979167232
        },
        "value": {
          "pretrain": 0.1780125062016581,
          "recent": 0.31233790075991363,
          "uniform_self": 0.5096495930384283
        },
        "policy": {
          "pretrain": 0.07771355637900132,
          "recent": 0.3517003891445505,
          "uniform_self": 0.5705860544764478
        }
      }
    }
  },
  "checkpoints": [
    {
      "step": 500,
      "found": true,
      "actual_step": 500,
      "delta": 0,
      "shares": {
        "pretrain": 0.09354429374086486,
        "recent": 0.38143231479038964,
        "uniform_self": 0.5250233914687455
      },
      "per_group_shares": {
        "trunk": {
          "pretrain": 0.10599393484966076,
          "recent": 0.3471282193792828,
          "uniform_self": 0.5468778457710564
        },
        "value": {
          "pretrain": 0.2962328335439304,
          "recent": 0.30863315588200646,
          "uniform_self": 0.3951340105740631
        },
        "policy": {
          "pretrain": 0.08197866514566862,
          "recent": 0.3946781911018337,
          "uniform_self": 0.5233431437524976
        }
      },
      "totals": {
        "pretrain": 2.9749296375886685,
        "recent": 12.130449144737854,
        "uniform_self": 16.696984767819878
      },
      "total_pull": 31.8023635501464,
      "n_pretrain": 220,
      "n_recent": 27,
      "n_uniform_self": 9
    },
    {
      "step": 1000,
      "found": true,
      "actual_step": 1000,
      "delta": 0,
      "shares": {
        "pretrain": 0.06007972228234556,
        "recent": 0.2740618804363873,
        "uniform_self": 0.6658583972812672
      },
      "per_group_shares": {
        "trunk": {
          "pretrain": 0.09535738669013426,
          "recent": 0.3267548764693615,
          "uniform_self": 0.5778877368405043
        },
        "value": {
          "pretrain": 0.08269755841259463,
          "recent": 0.5207905900716957,
          "uniform_self": 0.3965118515157096
        },
        "policy": {
          "pretrain": 0.04650399480623223,
          "recent": 0.23633856023370114,
          "uniform_self": 0.7171574449600666
        }
      },
      "totals": {
        "pretrain": 1.8104165038571034,
        "recent": 8.258462798619599,
        "uniform_self": 20.064690479171485
      },
      "total_pull": 30.133569781648188,
      "n_pretrain": 220,
      "n_recent": 27,
      "n_uniform_self": 9
    },
    {
      "step": 1500,
      "found": true,
      "actual_step": 1500,
      "delta": 0,
      "shares": {
        "pretrain": 0.1061825771052981,
        "recent": 0.3533431779698753,
        "uniform_self": 0.5404742449248265
      },
      "per_group_shares": {
        "trunk": {
          "pretrain": 0.14657923470649595,
          "recent": 0.35618452294676495,
          "uniform_self": 0.4972362423467391
        },
        "value": {
          "pretrain": 0.1353661362884664,
          "recent": 0.3175877246899332,
          "uniform_self": 0.5470461390216004
        },
        "policy": {
          "pretrain": 0.08961809631248065,
          "recent": 0.35584978823843516,
          "uniform_self": 0.5545321154490842
        }
      },
      "totals": {
        "pretrain": 2.0984093526518097,
        "recent": 6.982865264349506,
        "uniform_self": 10.681000982797695
      },
      "total_pull": 19.76227559979901,
      "n_pretrain": 220,
      "n_recent": 27,
      "n_uniform_self": 9
    },
    {
      "step": 2000,
      "found": true,
      "actual_step": 2000,
      "delta": 0,
      "shares": {
        "pretrain": 0.12637418068038603,
        "recent": 0.4110683779944977,
        "uniform_self": 0.4625574413251162
      },
      "per_group_shares": {
        "trunk": {
          "pretrain": 0.131288724292238,
          "recent": 0.3921250165695014,
          "uniform_self": 0.4765862591382606
        },
        "value": {
          "pretrain": 0.1114640132879746,