{
  "primary": "V-B-E",
  "secondaries": [],
  "checks": {
    "V-B-A": {
      "fires": false,
      "detail": {
        "max_mean_source_share_in_window": 0.5628784171062502,
        "max_source_by_mean": "uniform_self",
        "mean_shares": {
          "pretrain": 0.09245180837025263,
          "recent": 0.3446697745234969,
          "uniform_self": 0.5628784171062502
        },
        "per_step_max_shares": {
          "pretrain": 0.21037166388852188,
          "recent": 0.7167553855557968,
          "uniform_self": 0.8481064828789044
        },
        "threshold": 0.6,
        "dominant_source_by_mean": "uniform_self"
      }
    },
    "V-B-B": {
      "fires": false,
      "detail": {
        "shares_mean": {
          "pretrain": 0.09245180837025263,
          "recent": 0.3446697745234969,
          "uniform_self": 0.5628784171062502
        },
        "band": [
          0.25,
          0.45
        ]
      }
    },
    "V-B-C": {
      "fires": false,
      "detail": {
        "deadline_step": 2000,
        "threshold": 0.5,
        "fire_step": null,
        "fire_frac": null,
        "max_observed_frac": 0.0984,
        "max_observed_step": 3000,
        "n_snapshots": 6
      }
    },
    "V-B-D": {
      "fires": false,
      "detail": {
        "step0_inter": 23.232159,
        "step1000_step": 1000,
        "step1000_inter": 19.458044,
        "ratio": 0.8375478146477907,
        "threshold": 0.5,
        "delta_from_target": 0
      }
    }
  }
}