{
  "version": 4,
  "ext_logit_mean": 0.21716017015278338,
  "ext_logit_std": 0.2636959096432536,
  "ctrl_logit_mean": 1.1537946045398713,
  "ctrl_logit_std": 0.044932842830473566,
  "contrast_mean": -0.9366344343870878,
  "contrast_std": 0.28086760084776635,
  "ext_in_top5_frac": 0.2,
  "ext_in_top5_pct": 20.0,
  "ext_in_top10_frac": 0.2,
  "ext_in_top10_pct": 20.0,
  "n": 20,
  "checkpoint": "bootstrap_model.pt",
  "generated_at": "2026-04-15T03:34:58.923409+00:00"
}