{
  "arm": "248k",
  "ckpt_step": 248000,
  "ckpt_sha": "312f85f632ee5046",
  "encoding": "v6_live2_ls",
  "host": "02e023b4079b",
  "execution_mode": "vast_parallel_sealbot",
  "n_workers": 20,
  "game_timeout_s": 600,
  "n_loss": 57,
  "loss_eff_n": 57,
  "n_win_control": 57,
  "win_eff_n": 57,
  "loss_distinct_openings": 48,
  "win_distinct_openings": 42,
  "pos_eff_n": 1297,
  "prover": "sealbot",
  "solver_rung": "sealbot_d6_to_d8",
  "solver_depths": [
    6,
    7,
    8
  ],
  "solver_window_half": 9,
  "solver_colony_max_coord": 60,
  "solver_colony_max_clusters": 4,
  "solver_probe_cap_s": 5.0,
  "solver_total_probes": 1004,
  "solver_cap_hit_frac": 0.6912350597609562,
  "solver_game_timeouts": 0,
  "class_counts": {
    "LATE": 26,
    "EARLY": 20,
    "MID": 6,
    "UNMEASURABLE": 5
  },
  "class_fracs": {
    "LATE": 0.45614035087719296,
    "EARLY": 0.3508771929824561,
    "MID": 0.10526315789473684,
    "UNMEASURABLE": 0.08771929824561403
  },
  "power_degraded": false,
  "unmeasurable_frac": 0.08771929824561403,
  "LATE": {
    "count": 26,
    "frac": 0.45614035087719296,
    "wilson_ci_95": [
      0.3337239950481139,
      0.5840953916872776
    ],
    "clustered_bootstrap_ci_95": [
      0.3225806451612903,
      0.6
    ]
  },
  "EARLY": {
    "count": 20,
    "frac": 0.3508771929824561,
    "wilson_ci_95": [
      0.24000246078174026,
      0.48058345411859105
    ],
    "clustered_bootstrap_ci_95": [
      0.22413793103448276,
      0.48333333333333334
    ]
  },
  "MID": {
    "count": 6
  },
  "UNMEASURABLE": {
    "count": 5
  },
  "never_crossed_v_count": 22,
  "false_pessimism": {
    "-0.3": {
      "count_v": 5,
      "frac_v": 0.08771929824561403,
      "count_q": 0,
      "frac_q": 0.0
    },
    "-0.5": {
      "count_v": 1,
      "frac_v": 0.017543859649122806,
      "count_q": 0,
      "frac_q": 0.0
    },
    "-0.7": {
      "count_v": 0,
      "frac_v": 0.0,
      "count_q": 0,
      "frac_q": 0.0
    }
  },
  "lag_raw_dist": {
    "min": -11.0,
    "median": 1.0,
    "mean": 0.2,
    "max": 5.0
  },
  "lag_srch_dist": {
    "min": -2.0,
    "median": 1.0,
    "mean": 1.8235294117647058,
    "max": 5.0
  },
  "lag_raw_values": [
    5,
    3,
    -1,
    -7,
    3,
    1,
    1,
    3,
    3,
    1,
    3,
    -11,
    1,
    -5,
    -1,
    -3,
    0,
    0,
    5,
    1,
    3,
    -1,
    1,
    -3,
    3
  ],
  "lag_srch_values": [
    5,
    1,
    3,
    1,
    3,
    1,
    1,
    1,
    2,
    3,
    -2,
    5,
    1,
    3,
    1,
    1,
    1
  ],
  "aggregate_replay_match_rate": 0.9148614609571788,
  "sweep_class_fracs": {
    "-0.3": {
      "LATE": {
        "count": 22,
        "frac": 0.38596491228070173
      },
      "EARLY": {
        "count": 25,
        "frac": 0.43859649122807015
      },
      "MID": {
        "count": 6,
        "frac": 0.10526315789473684
      },
      "UNMEASURABLE": {
        "count": 4,
        "frac": 0.07017543859649122
      }
    },
    "-0.7": {
      "LATE": {
        "count": 29,
        "frac": 0.5087719298245614
      },
      "EARLY": {
        "count": 16,
        "frac": 0.2807017543859649
      },
      "MID": {
        "count": 6,
        "frac": 0.10526315789473684
      },
      "UNMEASURABLE": {
        "count": 6,
        "frac": 0.10526315789473684
      }
    }
  },
  "verdict": "V-CONFIRM",
  "verdict_detail": {
    "fragile": false,
    "sweep_verdicts": {
      "-0.3": "V-CONFIRM",
      "-0.7": "V-CONFIRM"
    }
  },
  "cross_tab_early_late_censored": {
    "early_censored": 10,
    "early_uncensored": 10,
    "late_censored": 0,
    "late_uncensored": 26
  },
  "oscillation_count": 26,
  "oscillation_pre_streak_dist": {
    "min": 0.0,
    "median": 0.0,
    "mean": 0.9649122807017544,
    "max": 9.0
  },
  "median_ponr_minus_earliest_transient_turns": 0.0,
  "wall_s_total": 1036.8025002630893
}