{
  "timestamp": "2026-07-15T17:30:16",
  "n_runs": 5,
  "metrics": {
    "mcts_sim_per_s": {
      "median": 90863.95686989167,
      "p25": 90666.14734453202,
      "p75": 92266.70431211617,
      "iqr": 1600.5569675841543,
      "min": 89999.07848944725,
      "max": 92648.19275051738,
      "n": 5
    },
    "nn_inference_pos_per_s": {
      "median": 4864.8627721249695,
      "p25": 4864.853970543609,
      "p75": 4865.525688253627,
      "iqr": 0.6717177100181289,
      "min": 4864.686457341542,
      "max": 4866.069835210166,
      "n": 5
    },
    "nn_latency_mean_ms": {
      "median": 2.4391401754756874,
      "p25": 2.4330978334021185,
      "p75": 2.446543266729956,
      "iqr": 0.013445433327837542,
      "min": 2.431056148820466,
      "max": 2.4776651467093163,
      "n": 5
    },
    "buffer_push_per_s": {
      "median": 858912.0195779937,
      "p25": 844481.9017293272,
      "p75": 862347.1469266922,
      "iqr": 17865.24519736506,
      "min": 829577.4904107477,
      "max": 868670.8641595594,
      "n": 5
    },
    "buffer_sample_raw_us": {
      "median": 951.0548809994361,
      "p25": 941.6080979990511,
      "p75": 955.8942470011971,
      "iqr": 14.286149002145976,
      "min": 926.081253999655,
      "max": 959.6366950008814,
      "n": 5
    },
    "buffer_sample_aug_us": {
      "median": 930.2022720003151,
      "p25": 924.4625020000967,
      "p75": 951.1681939984555,
      "iqr": 26.705691998358816,
      "min": 910.6186359931598,
      "max": 1001.5739279988338,
      "n": 5
    },
    "gpu_util_pct": {
      "median": 100.0,
      "p25": 100.0,
      "p75": 100.0,
      "iqr": 0.0,
      "min": 94.78067885117494,
      "max": 100.0,
      "n": 5
    },
    "vram_used_gb": {
      "median": 0.104818176,
      "p25": 0.104818176,
      "p75": 0.104818176,
      "iqr": 0.0,
      "min": 0.104818176,
      "max": 0.104818176,
      "n": 5
    },
    "worker_pos_per_hr": {
      "median": 28705.513393800888,
      "p25": 28525.42207362977,
      "p75": 31734.85520028225,
      "iqr": 3209.4331266524823,
      "min": 26216.06402020578,
      "max": 32155.12712360997,
      "n": 5
    },
    "worker_batch_fill_pct": {
      "median": 99.99780547752809,
      "p25": 99.99749247743229,
      "p75": 99.99811860325106,
      "iqr": 0.0006261258187691965,
      "min": 99.99749222590029,
      "max": 100.0,
      "n": 5
    },
    "mcts_pool_overflows_total": {
      "median": 0,
      "per_run": [
        0,
        0,
        0,
        0,
        0
      ]
    }
  },
  "targets_met": {
    "mcts_sim_per_s": true,
    "nn_inference_pos_per_s": true,
    "nn_latency_mean_ms": true,
    "buffer_push_per_s": true,
    "buffer_sample_raw_us": true,
    "buffer_sample_aug_us": true,
    "gpu_util_pct": true,
    "vram_used_gb": true,
    "worker_pos_per_hr": true,
    "worker_batch_fill_pct": true
  },
  "all_targets_met": true
}