{
  "timestamp": "2026-07-15T00:32:59",
  "n_runs": 5,
  "metrics": {
    "mcts_sim_per_s": {
      "median": 94408.9797357485,
      "p25": 93852.62683049789,
      "p75": 94419.83172779178,
      "iqr": 567.2048972938937,
      "min": 93158.3214026168,
      "max": 94449.63321915433,
      "n": 5
    },
    "nn_inference_pos_per_s": {
      "median": 4876.310551314773,
      "p25": 4876.145270337124,
      "p75": 4876.339519518021,
      "iqr": 0.19424918089680432,
      "min": 4875.483479893049,
      "max": 4877.016840544267,
      "n": 5
    },
    "nn_latency_mean_ms": {
      "median": 2.477445495508922,
      "p25": 2.4596441643047404,
      "p75": 2.481320591210129,
      "iqr": 0.021676426905388624,
      "min": 2.434651749176232,
      "max": 2.530329031012823,
      "n": 5
    },
    "buffer_push_per_s": {
      "median": 864489.6857896227,
      "p25": 850941.1493591246,
      "p75": 870365.0450630437,
      "iqr": 19423.895703919115,
      "min": 848584.8788376696,
      "max": 871699.0608641491,
      "n": 5
    },
    "buffer_sample_raw_us": {
      "median": 871.4837525003531,
      "p25": 870.9526405000361,
      "p75": 877.898410501075,
      "iqr": 6.945770001038909,
      "min": 867.1870139987732,
      "max": 892.3847615005798,
      "n": 5
    },
    "buffer_sample_aug_us": {
      "median": 857.6594040059717,
      "p25": 855.9788900020067,
      "p75": 858.2557640038431,
      "iqr": 2.276874001836404,
      "min": 852.5469879969023,
      "max": 872.7179639972746,
      "n": 5
    },
    "gpu_util_pct": {
      "median": 100.0,
      "p25": 99.9012987012987,
      "p75": 100.0,
      "iqr": 0.09870129870130029,
      "min": 95.83333333333333,
      "max": 100.0,
      "n": 5
    },
    "vram_used_gb": {
      "median": 0.104818176,
      "p25": 0.104818176,
      "p75": 0.104818176,
      "iqr": 0.0,
      "min": 0.104818176,
      "max": 0.104818176,
      "n": 5
    },
    "worker_pos_per_hr": {
      "median": 30174.84777122752,
      "p25": 29154.82577426458,
      "p75": 31494.49366571228,
      "iqr": 2339.6678914477015,
      "min": 27445.55985618343,
      "max": 31884.217079040627,
      "n": 5
    },
    "worker_batch_fill_pct": {
      "median": 99.98680189804233,
      "p25": 99.9841591293112,
      "p75": 99.99549622303945,
      "iqr": 0.011337093728258196,
      "min": 99.94072152150164,
      "max": 99.99720399642112,
      "n": 5
    },
    "mcts_pool_overflows_total": {
      "median": 0,
      "per_run": [
        0,
        0,
        0,
        0,
        0
      ]
    }
  },
  "targets_met": {
    "mcts_sim_per_s": true,
    "nn_inference_pos_per_s": true,
    "nn_latency_mean_ms": true,
    "buffer_push_per_s": true,
    "buffer_sample_raw_us": true,
    "buffer_sample_aug_us": true,
    "gpu_util_pct": true,
    "vram_used_gb": true,
    "worker_pos_per_hr": true,
    "worker_batch_fill_pct": true
  },
  "all_targets_met": true
}