{
  "timestamp": "2026-07-15T18:39:27",
  "n_runs": 5,
  "metrics": {
    "mcts_sim_per_s": {
      "median": 88065.81723823478,
      "p25": 87949.92508597106,
      "p75": 88606.87749340375,
      "iqr": 656.952407432691,
      "min": 87656.37800680353,
      "max": 88925.38431271218,
      "n": 5
    },
    "nn_inference_pos_per_s": {
      "median": 4868.2711720946345,
      "p25": 4866.966430265495,
      "p75": 4868.948727639312,
      "iqr": 1.982297373817346,
      "min": 4866.099608001128,
      "max": 4869.699268149204,
      "n": 5
    },
    "nn_latency_mean_ms": {
      "median": 2.5898225554879497,
      "p25": 2.5688635865986322,
      "p75": 2.604453431122238,
      "iqr": 0.035589844523605585,
      "min": 2.558532764451229,
      "max": 2.6136758199572796,
      "n": 5
    },
    "buffer_push_per_s": {
      "median": 664755.759700102,
      "p25": 611090.6226880586,
      "p75": 698666.9643262738,
      "iqr": 87576.34163821512,
      "min": 610663.6778042101,
      "max": 730052.8749096773,
      "n": 5
    },
    "buffer_sample_raw_us": {
      "median": 1012.3067915010324,
      "p25": 1003.688628999953,
      "p75": 1075.959272999171,
      "iqr": 72.2706439992179,
      "min": 957.0094020000397,
      "max": 1081.2751399989793,
      "n": 5
    },
    "buffer_sample_aug_us": {
      "median": 1079.7595339972759,
      "p25": 977.178475994151,
      "p75": 1191.5062940024654,
      "iqr": 214.32781800831447,
      "min": 915.4188379980042,
      "max": 1269.1207239986397,
      "n": 5
    },
    "gpu_util_pct": {
      "median": 100.0,
      "p25": 100.0,
      "p75": 100.0,
      "iqr": 0.0,
      "min": 90.10416666666667,
      "max": 100.0,
      "n": 5
    },
    "vram_used_gb": {
      "median": 0.104818176,
      "p25": 0.104818176,
      "p75": 0.104818176,
      "iqr": 0.0,
      "min": 0.104818176,
      "max": 0.104818176,
      "n": 5
    },
    "worker_pos_per_hr": {
      "median": 31525.070703427886,
      "p25": 29725.300884726963,
      "p75": 32635.053270275694,
      "iqr": 2909.7523855487307,
      "min": 28315.321070164144,
      "max": 32964.871546698705,
      "n": 5
    },
    "worker_batch_fill_pct": {
      "median": 99.90923366834171,
      "p25": 99.90406114963321,
      "p75": 99.91534953261635,
      "iqr": 0.011288382983138945,
      "min": 99.8854528282622,
      "max": 99.93263867952969,
      "n": 5
    },
    "mcts_pool_overflows_total": {
      "median": 0,
      "per_run": [
        0,
        0,
        0,
        0,
        0
      ]
    }
  },
  "targets_met": {
    "mcts_sim_per_s": true,
    "nn_inference_pos_per_s": true,
    "nn_latency_mean_ms": true,
    "buffer_push_per_s": true,
    "buffer_sample_raw_us": true,
    "buffer_sample_aug_us": true,
    "gpu_util_pct": true,
    "vram_used_gb": true,
    "worker_pos_per_hr": true,
    "worker_batch_fill_pct": true
  },
  "all_targets_met": true
}