{
  "timestamp": "2026-05-26T23:10:04",
  "n_runs": 5,
  "metrics": {
    "mcts_sim_per_s": {
      "median": 87859.47438180422,
      "p25": 86893.58558477041,
      "p75": 90117.37917715067,
      "iqr": 3223.793592380258,
      "min": 85298.90368825782,
      "max": 91525.44381356561,
      "n": 5
    },
    "nn_inference_pos_per_s": {
      "median": 4848.33814222757,
      "p25": 4848.171486670185,
      "p75": 4848.386971905532,
      "iqr": 0.2154852353469323,
      "min": 4847.683216318879,
      "max": 4849.350230950937,
      "n": 5
    },
    "nn_latency_mean_ms": {
      "median": 2.4742041072911687,
      "p25": 2.473900522098928,
      "p75": 2.5064617420300945,
      "iqr": 0.03256121993116645,
      "min": 2.4727115531439066,
      "max": 2.5071199953284427,
      "n": 5
    },
    "buffer_push_per_s": {
      "median": 865370.2786745349,
      "p25": 855077.3811540244,
      "p75": 867329.167936459,
      "iqr": 12251.78678243456,
      "min": 853798.8201754779,
      "max": 868151.489424518,
      "n": 5
    },
    "buffer_sample_raw_us": {
      "median": 867.6713805034524,
      "p25": 858.9131784974597,
      "p75": 869.9830510013271,
      "iqr": 11.069872503867373,
      "min": 851.9380080033443,
      "max": 881.4075155023602,
      "n": 5
    },
    "buffer_sample_aug_us": {
      "median": 860.3060139867011,
      "p25": 857.2715540067293,
      "p75": 863.501770014409,
      "iqr": 6.230216007679701,
      "min": 845.7870339916553,
      "max": 875.3507079964038,
      "n": 5
    },
    "gpu_util_pct": {
      "median": 100.0,
      "p25": 100.0,
      "p75": 100.0,
      "iqr": 0.0,
      "min": 94.01041666666667,
      "max": 100.0,
      "n": 5
    },
    "vram_used_gb": {
      "median": 0.104818176,
      "p25": 0.104818176,
      "p75": 0.104818176,
      "iqr": 0.0,
      "min": 0.104818176,
      "max": 0.104818176,
      "n": 5
    },
    "worker_pos_per_hr": {
      "median": 29515.105646287302,
      "p25": 28195.40688128129,
      "p75": 30415.030952430243,
      "iqr": 2219.6240711489518,
      "min": 25316.062473817325,
      "max": 31614.685314269453,
      "n": 5
    },
    "worker_batch_fill_pct": {
      "median": 99.860413350577,
      "p25": 99.59641366977947,
      "p75": 99.94396294082487,
      "iqr": 0.3475492710454091,
      "min": 99.20576523545706,
      "max": 99.98598515048835,
      "n": 5
    },
    "mcts_pool_overflows_total": {
      "median": 0,
      "per_run": [
        0,
        0,
        0,
        0,
        0
      ]
    }
  },
  "targets_met": {
    "mcts_sim_per_s": true,
    "nn_inference_pos_per_s": true,
    "nn_latency_mean_ms": true,
    "buffer_push_per_s": true,
    "buffer_sample_raw_us": true,
    "buffer_sample_aug_us": true,
    "gpu_util_pct": true,
    "vram_used_gb": true,
    "worker_pos_per_hr": true,
    "worker_batch_fill_pct": true
  },
  "all_targets_met": true
}