{
  "timestamp": "2026-07-15T14:02:02",
  "n_runs": 5,
  "metrics": {
    "mcts_sim_per_s": {
      "median": 96578.16587544455,
      "p25": 96310.69550761631,
      "p75": 96693.43352737739,
      "iqr": 382.73801976107643,
      "min": 95998.00088814531,
      "max": 96949.06226689552,
      "n": 5
    },
    "nn_inference_pos_per_s": {
      "median": 4890.207703064919,
      "p25": 4889.582174895605,
      "p75": 4890.362106663831,
      "iqr": 0.7799317682256515,
      "min": 4875.454845655689,
      "max": 4890.5541399903295,
      "n": 5
    },
    "nn_latency_mean_ms": {
      "median": 2.402121668890484,
      "p25": 2.398279335540994,
      "p75": 2.4037848533326827,
      "iqr": 0.005505517791688508,
      "min": 2.393071995561008,
      "max": 2.4474360088869513,
      "n": 5
    },
    "buffer_push_per_s": {
      "median": 848875.0326175527,
      "p25": 846058.7622052869,
      "p75": 852759.4784868159,
      "iqr": 6700.71628152905,
      "min": 845325.6870676823,
      "max": 859480.595208871,
      "n": 5
    },
    "buffer_sample_raw_us": {
      "median": 919.5009790000768,
      "p25": 901.5501124999901,
      "p75": 922.0113694996144,
      "iqr": 20.46125699962431,
      "min": 891.6172395001922,
      "max": 956.3683989999845,
      "n": 5
    },
    "buffer_sample_aug_us": {
      "median": 936.1150299992005,
      "p25": 925.8368240007258,
      "p75": 943.5945060013182,
      "iqr": 17.757682000592467,
      "min": 918.5468220002804,
      "max": 963.2544020005298,
      "n": 5
    },
    "gpu_util_pct": {
      "median": 100.0,
      "p25": 100.0,
      "p75": 100.0,
      "iqr": 0.0,
      "min": 89.58333333333333,
      "max": 100.0,
      "n": 5
    },
    "vram_used_gb": {
      "median": 0.104818176,
      "p25": 0.104818176,
      "p75": 0.104818176,
      "iqr": 0.0,
      "min": 0.104818176,
      "max": 0.104818176,
      "n": 5
    },
    "worker_pos_per_hr": {
      "median": 29005.236599066717,
      "p25": 28675.68319156689,
      "p75": 30595.192197304896,
      "iqr": 1919.509005738004,
      "min": 28585.451738282976,
      "max": 32124.85934681179,
      "n": 5
    },
    "worker_batch_fill_pct": {
      "median": 99.9080698105643,
      "p25": 99.83775783518574,
      "p75": 99.93783198035679,
      "iqr": 0.10007414517104962,
      "min": 99.755600560056,
      "max": 99.94328436779304,
      "n": 5
    },
    "mcts_pool_overflows_total": {
      "median": 0,
      "per_run": [
        0,
        0,
        0,
        0,
        0
      ]
    }
  },
  "targets_met": {
    "mcts_sim_per_s": true,
    "nn_inference_pos_per_s": true,
    "nn_latency_mean_ms": true,
    "buffer_push_per_s": true,
    "buffer_sample_raw_us": true,
    "buffer_sample_aug_us": true,
    "gpu_util_pct": true,
    "vram_used_gb": true,
    "worker_pos_per_hr": true,
    "worker_batch_fill_pct": true
  },
  "all_targets_met": true
}