{
  "timestamp": "2026-07-15T18:15:05",
  "n_runs": 5,
  "metrics": {
    "mcts_sim_per_s": {
      "median": 88324.39470287025,
      "p25": 87094.13428858967,
      "p75": 88483.45942208078,
      "iqr": 1389.3251334911038,
      "min": 86916.63882631189,
      "max": 88569.93601010388,
      "n": 5
    },
    "nn_inference_pos_per_s": {
      "median": 4869.761639252925,
      "p25": 4869.525010899387,
      "p75": 4871.6390020165445,
      "iqr": 2.1139911171576387,
      "min": 4867.91781184277,
      "max": 4871.925794602199,
      "n": 5
    },
    "nn_latency_mean_ms": {
      "median": 2.4632274821892173,
      "p25": 2.441634084478008,
      "p75": 2.4664499977532413,
      "iqr": 0.02481591327523347,
      "min": 2.4413210932915614,
      "max": 2.472621120072694,
      "n": 5
    },
    "buffer_push_per_s": {
      "median": 729224.1310269029,
      "p25": 727517.9140872698,
      "p75": 734155.5286464044,
      "iqr": 6637.614559134585,
      "min": 723104.8561067478,
      "max": 741524.1197845355,
      "n": 5
    },
    "buffer_sample_raw_us": {
      "median": 1046.0894179996103,
      "p25": 1045.0853080001252,
      "p75": 1051.442367999698,
      "iqr": 6.357059999572812,
      "min": 1043.835817001309,
      "max": 1070.8956045000377,
      "n": 5
    },
    "buffer_sample_aug_us": {
      "median": 1082.8603120025946,
      "p25": 1076.9918360019801,
      "p75": 1088.7731320035527,
      "iqr": 11.781296001572628,
      "min": 1073.3524820025195,
      "max": 1090.5804659996647,
      "n": 5
    },
    "gpu_util_pct": {
      "median": 100.0,
      "p25": 100.0,
      "p75": 100.0,
      "iqr": 0.0,
      "min": 89.29503916449086,
      "max": 100.0,
      "n": 5
    },
    "vram_used_gb": {
      "median": 0.104818176,
      "p25": 0.104818176,
      "p75": 0.104818176,
      "iqr": 0.0,
      "min": 0.104818176,
      "max": 0.104818176,
      "n": 5
    },
    "worker_pos_per_hr": {
      "median": 32394.91646255905,
      "p25": 31705.210289390172,
      "p75": 33324.8097572437,
      "iqr": 1619.5994678535244,
      "min": 31045.02094107362,
      "max": 35274.64033322751,
      "n": 5
    },
    "worker_batch_fill_pct": {
      "median": 99.90974149450098,
      "p25": 99.81641144288783,
      "p75": 99.92292672901037,
      "iqr": 0.10651528612254424,
      "min": 99.7688922201722,
      "max": 99.962227394301,
      "n": 5
    },
    "mcts_pool_overflows_total": {
      "median": 0,
      "per_run": [
        0,
        0,
        0,
        0,
        0
      ]
    }
  },
  "targets_met": {
    "mcts_sim_per_s": true,
    "nn_inference_pos_per_s": true,
    "nn_latency_mean_ms": true,
    "buffer_push_per_s": true,
    "buffer_sample_raw_us": true,
    "buffer_sample_aug_us": true,
    "gpu_util_pct": true,
    "vram_used_gb": true,
    "worker_pos_per_hr": true,
    "worker_batch_fill_pct": true
  },
  "all_targets_met": true
}