{
  "timestamp": "2026-07-14T23:45:16",
  "n_runs": 5,
  "metrics": {
    "mcts_sim_per_s": {
      "median": 93297.3767002945,
      "p25": 93122.6018426681,
      "p75": 93321.67620089684,
      "iqr": 199.07435822873958,
      "min": 92910.20385625401,
      "max": 93343.73222657929,
      "n": 5
    },
    "nn_inference_pos_per_s": {
      "median": 4874.121537174206,
      "p25": 4874.098602332009,
      "p75": 4874.145638194844,
      "iqr": 0.04703586283449113,
      "min": 4873.990039296064,
      "max": 4874.177964413892,
      "n": 5
    },
    "nn_latency_mean_ms": {
      "median": 2.4762884487022854,
      "p25": 2.4646833377482835,
      "p75": 2.4857403574990005,
      "iqr": 0.021057019750716943,
      "min": 2.4626699601908006,
      "max": 2.4873726712636803,
      "n": 5
    },
    "buffer_push_per_s": {
      "median": 864268.8275634593,
      "p25": 851564.767422889,
      "p75": 866265.6494194218,
      "iqr": 14700.881996532786,
      "min": 839783.7825519611,
      "max": 871842.2418681515,
      "n": 5
    },
    "buffer_sample_raw_us": {
      "median": 899.895305501559,
      "p25": 897.8274395012704,
      "p75": 913.7165385000117,
      "iqr": 15.889098998741247,
      "min": 896.1526064995269,
      "max": 915.8007195001119,
      "n": 5
    },
    "buffer_sample_aug_us": {
      "median": 893.0572040117113,
      "p25": 875.6872259982629,
      "p75": 907.7952000079677,
      "iqr": 32.107974009704776,
      "min": 875.0602700019954,
      "max": 924.5589600031963,
      "n": 5
    },
    "gpu_util_pct": {
      "median": 100.0,
      "p25": 100.0,
      "p75": 100.0,
      "iqr": 0.0,
      "min": 93.22916666666667,
      "max": 100.0,
      "n": 5
    },
    "vram_used_gb": {
      "median": 0.104818176,
      "p25": 0.104818176,
      "p75": 0.104818176,
      "iqr": 0.0,
      "min": 0.104818176,
      "max": 0.104818176,
      "n": 5
    },
    "worker_pos_per_hr": {
      "median": 30654.258721223217,
      "p25": 29424.635894270094,
      "p75": 31764.550800044904,
      "iqr": 2339.914905774811,
      "min": 29184.913384793985,
      "max": 32664.237500976968,
      "n": 5
    },
    "worker_batch_fill_pct": {
      "median": 99.90729605131288,
      "p25": 99.8205838922815,
      "p75": 99.94689317224784,
      "iqr": 0.12630927996633545,
      "min": 99.7047256402561,
      "max": 99.94719060274797,
      "n": 5
    },
    "mcts_pool_overflows_total": {
      "median": 0,
      "per_run": [
        0,
        0,
        0,
        0,
        0
      ]
    }
  },
  "targets_met": {
    "mcts_sim_per_s": true,
    "nn_inference_pos_per_s": true,
    "nn_latency_mean_ms": true,
    "buffer_push_per_s": true,
    "buffer_sample_raw_us": true,
    "buffer_sample_aug_us": true,
    "gpu_util_pct": true,
    "vram_used_gb": true,
    "worker_pos_per_hr": true,
    "worker_batch_fill_pct": true
  },
  "all_targets_met": true
}