{
  "timestamp": "2026-07-16T06:25:41",
  "n_runs": 5,
  "metrics": {
    "mcts_sim_per_s": {
      "median": 91482.57650177936,
      "p25": 91451.90287482724,
      "p75": 92259.62178239335,
      "iqr": 807.7189075661154,
      "min": 90506.54183071887,
      "max": 92771.85470111048,
      "n": 5
    },
    "nn_inference_pos_per_s": {
      "median": 4863.8939773368065,
      "p25": 4863.6970222306045,
      "p75": 4864.420692559334,
      "iqr": 0.7236703287298951,
      "min": 4861.346664591945,
      "max": 4868.794978747124,
      "n": 5
    },
    "nn_latency_mean_ms": {
      "median": 2.5107152022731802,
      "p25": 2.5069946555272002,
      "p75": 2.575534268883833,
      "iqr": 0.06853961335663294,
      "min": 2.485275811405801,
      "max": 2.5931598289429934,
      "n": 5
    },
    "buffer_push_per_s": {
      "median": 865091.1917986192,
      "p25": 835771.4176810203,
      "p75": 871721.7053641872,
      "iqr": 35950.28768316691,
      "min": 718606.4380861385,
      "max": 873192.0781192908,
      "n": 5
    },
    "buffer_sample_raw_us": {
      "median": 921.3367294978525,
      "p25": 906.4270785020199,
      "p75": 924.1050650016405,
      "iqr": 17.6779864996206,
      "min": 904.8505760001717,
      "max": 948.7552775026415,
      "n": 5
    },
    "buffer_sample_aug_us": {
      "median": 911.0130819899496,
      "p25": 909.7288939956343,
      "p75": 930.6867039995268,
      "iqr": 20.95781000389252,
      "min": 908.763593994081,
      "max": 937.4193779949564,
      "n": 5
    },
    "gpu_util_pct": {
      "median": 99.9012987012987,
      "p25": 99.9012987012987,
      "p75": 100.0,
      "iqr": 0.09870129870130029,
      "min": 95.57291666666667,
      "max": 100.0,
      "n": 5
    },
    "vram_used_gb": {
      "median": 0.104818176,
      "p25": 0.104818176,
      "p75": 0.104818176,
      "iqr": 0.0,
      "min": 0.104818176,
      "max": 0.104818176,
      "n": 5
    },
    "worker_pos_per_hr": {
      "median": 32724.94289103928,
      "p25": 32724.79691655074,
      "p75": 33264.248856418555,
      "iqr": 539.4519398678167,
      "min": 32394.4341462488,
      "max": 35364.71361188019,
      "n": 5
    },
    "worker_batch_fill_pct": {
      "median": 99.55379245469848,
      "p25": 99.55059464570064,
      "p75": 99.72725914117764,
      "iqr": 0.1766644954769987,
      "min": 99.25479106984095,
      "max": 99.8065697963239,
      "n": 5
    },
    "mcts_pool_overflows_total": {
      "median": 0,
      "per_run": [
        0,
        0,
        0,
        0,
        0
      ]
    }
  },
  "targets_met": {
    "mcts_sim_per_s": true,
    "nn_inference_pos_per_s": true,
    "nn_latency_mean_ms": true,
    "buffer_push_per_s": true,
    "buffer_sample_raw_us": true,
    "buffer_sample_aug_us": true,
    "gpu_util_pct": true,
    "vram_used_gb": true,
    "worker_pos_per_hr": true,
    "worker_batch_fill_pct": true
  },
  "all_targets_met": true
}