{
  "timestamp": "2026-05-26T23:00:50",
  "n_runs": 5,
  "metrics": {
    "mcts_sim_per_s": {
      "median": 89633.90535040402,
      "p25": 89556.4104342794,
      "p75": 89952.58171308109,
      "iqr": 396.17127880168846,
      "min": 89263.44197149541,
      "max": 90975.7685117857,
      "n": 5
    },
    "nn_inference_pos_per_s": {
      "median": 4851.825635086766,
      "p25": 4851.442179686208,
      "p75": 4851.849796703276,
      "iqr": 0.40761701706833264,
      "min": 4850.550005718152,
      "max": 4851.865384266742,
      "n": 5
    },
    "nn_latency_mean_ms": {
      "median": 2.671381794886353,
      "p25": 2.6699827649928114,
      "p75": 2.7394331220744386,
      "iqr": 0.06945035708162717,
      "min": 2.6169447357339473,
      "max": 2.7498243599418655,
      "n": 5
    },
    "buffer_push_per_s": {
      "median": 774600.9587583652,
      "p25": 716600.7440336981,
      "p75": 783660.7980969761,
      "iqr": 67060.05406327802,
      "min": 612723.8105422723,
      "max": 878408.6533585005,
      "n": 5
    },
    "buffer_sample_raw_us": {
      "median": 1010.321040499548,
      "p25": 1002.2393510007532,
      "p75": 1026.6790695022792,
      "iqr": 24.43971850152593,
      "min": 952.196432495839,
      "max": 1047.7260694970028,
      "n": 5
    },
    "buffer_sample_aug_us": {
      "median": 1215.0490019994322,
      "p25": 1181.5509119769558,
      "p75": 1320.8787300100084,
      "iqr": 139.3278180330526,
      "min": 1089.138126000762,
      "max": 1424.9092379759531,
      "n": 5
    },
    "gpu_util_pct": {
      "median": 100.0,
      "p25": 100.0,
      "p75": 100.0,
      "iqr": 0.0,
      "min": 91.62303664921465,
      "max": 100.0,
      "n": 5
    },
    "vram_used_gb": {
      "median": 0.104818176,
      "p25": 0.104818176,
      "p75": 0.104818176,
      "iqr": 0.0,
      "min": 0.104818176,
      "max": 0.104818176,
      "n": 5
    },
    "worker_pos_per_hr": {
      "median": 31374.27691304218,
      "p25": 30535.026566330762,
      "p75": 32034.980835552837,
      "iqr": 1499.9542692220748,
      "min": 30534.76457542705,
      "max": 39533.45086875803,
      "n": 5
    },
    "worker_batch_fill_pct": {
      "median": 99.99357656731758,
      "p25": 99.9906324940048,
      "p75": 99.99433192261185,
      "iqr": 0.0036994286070495264,
      "min": 99.42687624254472,
      "max": 100.0,
      "n": 5
    },
    "mcts_pool_overflows_total": {
      "median": 0,
      "per_run": [
        0,
        0,
        0,
        0,
        0
      ]
    }
  },
  "targets_met": {
    "mcts_sim_per_s": true,
    "nn_inference_pos_per_s": true,
    "nn_latency_mean_ms": true,
    "buffer_push_per_s": true,
    "buffer_sample_raw_us": true,
    "buffer_sample_aug_us": true,
    "gpu_util_pct": true,
    "vram_used_gb": true,
    "worker_pos_per_hr": true,
    "worker_batch_fill_pct": true
  },
  "all_targets_met": true
}