{
  "timestamp": "2026-07-14T22:01:38",
  "n_runs": 5,
  "metrics": {
    "mcts_sim_per_s": {
      "median": 88992.74725197996,
      "p25": 88699.80649442808,
      "p75": 89172.52126924729,
      "iqr": 472.7147748192074,
      "min": 88429.53170279782,
      "max": 89332.96401321921,
      "n": 5
    },
    "nn_inference_pos_per_s": {
      "median": 4863.376412821138,
      "p25": 4863.163499346578,
      "p75": 4863.589118692947,
      "iqr": 0.425619346368876,
      "min": 4862.64779427321,
      "max": 4868.8828917316705,
      "n": 5
    },
    "nn_latency_mean_ms": {
      "median": 2.6756055555274036,
      "p25": 2.6736364534978443,
      "p75": 2.6982301066487304,
      "iqr": 0.02459365315088613,
      "min": 2.6484161357802805,
      "max": 2.7164695089999844,
      "n": 5
    },
    "buffer_push_per_s": {
      "median": 774650.8824373028,
      "p25": 762446.8105227394,
      "p75": 787174.409840917,
      "iqr": 24727.599318177556,
      "min": 751754.2750707931,
      "max": 805637.5939380646,
      "n": 5
    },
    "buffer_sample_raw_us": {
      "median": 932.6606145004916,
      "p25": 931.4651825006877,
      "p75": 935.4814295002143,
      "iqr": 4.016246999526629,
      "min": 920.7775380018575,
      "max": 959.1704595004558,
      "n": 5
    },
    "buffer_sample_aug_us": {
      "median": 928.8998900010483,
      "p25": 927.3698379984125,
      "p75": 955.3353079973022,
      "iqr": 27.965469998889603,
      "min": 917.8002119879238,
      "max": 1116.2804659979884,
      "n": 5
    },
    "gpu_util_pct": {
      "median": 100.0,
      "p25": 99.90104166666667,
      "p75": 100.0,
      "iqr": 0.0989583333333286,
      "min": 93.73368146214099,
      "max": 100.0,
      "n": 5
    },
    "vram_used_gb": {
      "median": 0.104818176,
      "p25": 0.104818176,
      "p75": 0.104818176,
      "iqr": 0.0,
      "min": 0.104818176,
      "max": 0.104818176,
      "n": 5
    },
    "worker_pos_per_hr": {
      "median": 30743.830836583053,
      "p25": 30324.33815116271,
      "p75": 31463.899133964085,
      "iqr": 1139.5609828013767,
      "min": 30323.79250968074,
      "max": 32393.59044681531,
      "n": 5
    },
    "worker_batch_fill_pct": {
      "median": 99.90764339408918,
      "p25": 99.87770621207446,
      "p75": 99.94273478737178,
      "iqr": 0.06502857529731898,
      "min": 99.6859288426021,
      "max": 99.9816505772293,
      "n": 5
    },
    "mcts_pool_overflows_total": {
      "median": 0,
      "per_run": [
        0,
        0,
        0,
        0,
        0
      ]
    }
  },
  "targets_met": {
    "mcts_sim_per_s": true,
    "nn_inference_pos_per_s": true,
    "nn_latency_mean_ms": true,
    "buffer_push_per_s": true,
    "buffer_sample_raw_us": true,
    "buffer_sample_aug_us": true,
    "gpu_util_pct": true,
    "vram_used_gb": true,
    "worker_pos_per_hr": true,
    "worker_batch_fill_pct": true
  },
  "all_targets_met": true
}