{
  "timestamp": "2026-07-15T17:16:42",
  "n_runs": 5,
  "metrics": {
    "mcts_sim_per_s": {
      "median": 91139.50262999623,
      "p25": 90878.86252751722,
      "p75": 91771.04506709041,
      "iqr": 892.1825395731867,
      "min": 90648.81268133574,
      "max": 92866.14100350755,
      "n": 5
    },
    "nn_inference_pos_per_s": {
      "median": 4875.566313216137,
      "p25": 4862.04986134441,
      "p75": 4875.866717447494,
      "iqr": 13.81685610308432,
      "min": 4858.883232598313,
      "max": 4875.9392825663535,
      "n": 5
    },
    "nn_latency_mean_ms": {
      "median": 2.4288717467344316,
      "p25": 2.4215850998330604,
      "p75": 2.447782044336135,
      "iqr": 0.026196944503074526,
      "min": 2.402316386813052,
      "max": 2.4512904199299452,
      "n": 5
    },
    "buffer_push_per_s": {
      "median": 863572.2512407129,
      "p25": 863227.1784775225,
      "p75": 863956.4122624893,
      "iqr": 729.2337849668693,
      "min": 862077.5121351483,
      "max": 871685.7634288231,
      "n": 5
    },
    "buffer_sample_raw_us": {
      "median": 941.7670894999901,
      "p25": 936.0659565008973,
      "p75": 943.3384575004311,
      "iqr": 7.272500999533804,
      "min": 923.8774415007356,
      "max": 964.9299345001054,
      "n": 5
    },
    "buffer_sample_aug_us": {
      "median": 940.093713994429,
      "p25": 935.6678660042235,
      "p75": 942.1013980027055,
      "iqr": 6.433531998482067,
      "min": 924.2546559980838,
      "max": 952.182482003991,
      "n": 5
    },
    "gpu_util_pct": {
      "median": 100.0,
      "p25": 100.0,
      "p75": 100.0,
      "iqr": 0.0,
      "min": 94.50261780104712,
      "max": 100.0,
      "n": 5
    },
    "vram_used_gb": {
      "median": 0.104818176,
      "p25": 0.104818176,
      "p75": 0.104818176,
      "iqr": 0.0,
      "min": 0.104818176,
      "max": 0.104818176,
      "n": 5
    },
    "worker_pos_per_hr": {
      "median": 32605.113929134117,
      "p25": 31585.1642868692,
      "p75": 33564.728966992996,
      "iqr": 1979.5646801237963,
      "min": 31255.02220066499,
      "max": 33624.78877167367,
      "n": 5
    },
    "worker_batch_fill_pct": {
      "median": 98.65268357416691,
      "p25": 98.29809763980022,
      "p75": 98.89677796944308,
      "iqr": 0.5986803296428604,
      "min": 98.20584851155503,
      "max": 98.92073471400394,
      "n": 5
    },
    "mcts_pool_overflows_total": {
      "median": 0,
      "per_run": [
        0,
        0,
        0,
        0,
        0
      ]
    }
  },
  "targets_met": {
    "mcts_sim_per_s": true,
    "nn_inference_pos_per_s": true,
    "nn_latency_mean_ms": true,
    "buffer_push_per_s": true,
    "buffer_sample_raw_us": true,
    "buffer_sample_aug_us": true,
    "gpu_util_pct": true,
    "vram_used_gb": true,
    "worker_pos_per_hr": true,
    "worker_batch_fill_pct": true
  },
  "all_targets_met": true
}