{
  "timestamp": "2026-07-14T22:19:51",
  "n_runs": 5,
  "metrics": {
    "mcts_sim_per_s": {
      "median": 95189.9658171675,
      "p25": 94892.17372628441,
      "p75": 95647.44057186093,
      "iqr": 755.2668455765233,
      "min": 94556.14354847894,
      "max": 95815.35478607827,
      "n": 5
    },
    "nn_inference_pos_per_s": {
      "median": 4878.2821346558185,
      "p25": 4877.257434309464,
      "p75": 4878.639136060902,
      "iqr": 1.3817017514384133,
      "min": 4877.173578608816,
      "max": 4879.502964018039,
      "n": 5
    },
    "nn_latency_mean_ms": {
      "median": 2.4716931113572276,
      "p25": 2.4595640531657006,
      "p75": 2.5424669287490866,
      "iqr": 0.08290287558338605,
      "min": 2.4572341155403086,
      "max": 2.559567850888319,
      "n": 5
    },
    "buffer_push_per_s": {
      "median": 840662.155720582,
      "p25": 832210.4732310548,
      "p75": 860744.9767800407,
      "iqr": 28534.503548985813,
      "min": 828701.1704798555,
      "max": 864635.6662600444,
      "n": 5
    },
    "buffer_sample_raw_us": {
      "median": 873.5436735005351,
      "p25": 870.3843785006029,
      "p75": 874.2604684994149,
      "iqr": 3.876089998811949,
      "min": 865.593477999937,
      "max": 891.8977125031233,
      "n": 5
    },
    "buffer_sample_aug_us": {
      "median": 868.6402419989463,
      "p25": 860.9971580008278,
      "p75": 880.5088939989218,
      "iqr": 19.511735998094082,
      "min": 852.9890079953475,
      "max": 883.2053959922632,
      "n": 5
    },
    "gpu_util_pct": {
      "median": 100.0,
      "p25": 99.9012987012987,
      "p75": 100.0,
      "iqr": 0.09870129870130029,
      "min": 94.53125,
      "max": 100.0,
      "n": 5
    },
    "vram_used_gb": {
      "median": 0.104818176,
      "p25": 0.104818176,
      "p75": 0.104818176,
      "iqr": 0.0,
      "min": 0.104818176,
      "max": 0.104818176,
      "n": 5
    },
    "worker_pos_per_hr": {
      "median": 30054.72312445628,
      "p25": 28554.93866543873,
      "p75": 30804.723315700845,
      "iqr": 2249.784650262114,
      "min": 25705.55566965648,
      "max": 30954.574121026508,
      "n": 5
    },
    "worker_batch_fill_pct": {
      "median": 99.81611224795368,
      "p25": 99.7290876895451,
      "p75": 99.92767794661601,
      "iqr": 0.1985902570709186,
      "min": 99.61867837568509,
      "max": 99.934310714999,
      "n": 5
    },
    "mcts_pool_overflows_total": {
      "median": 0,
      "per_run": [
        0,
        0,
        0,
        0,
        0
      ]
    }
  },
  "targets_met": {
    "mcts_sim_per_s": true,
    "nn_inference_pos_per_s": true,
    "nn_latency_mean_ms": true,
    "buffer_push_per_s": true,
    "buffer_sample_raw_us": true,
    "buffer_sample_aug_us": true,
    "gpu_util_pct": true,
    "vram_used_gb": true,
    "worker_pos_per_hr": true,
    "worker_batch_fill_pct": true
  },
  "all_targets_met": true
}