{
  "timestamp": "2026-05-26T22:52:35",
  "n_runs": 3,
  "metrics": {
    "mcts_sim_per_s": {
      "median": 90740.46814393847,
      "p25": 90524.60969586195,
      "p75": 91178.20649332865,
      "iqr": 653.5967974667001,
      "min": 90524.60969586195,
      "max": 91178.20649332865,
      "n": 3
    },
    "nn_inference_pos_per_s": {
      "median": 4852.764529859614,
      "p25": 4852.04120006028,
      "p75": 4856.908933199964,
      "iqr": 4.867733139683878,
      "min": 4852.04120006028,
      "max": 4856.908933199964,
      "n": 3
    },
    "nn_latency_mean_ms": {
      "median": 2.6659242199578634,
      "p25": 2.644199284647281,
      "p75": 2.748415362309768,
      "iqr": 0.1042160776624872,
      "min": 2.644199284647281,
      "max": 2.748415362309768,
      "n": 3
    },
    "buffer_push_per_s": {
      "median": 613512.4771505707,
      "p25": 605868.8210237602,
      "p75": 750782.0331828498,
      "iqr": 144913.2121590895,
      "min": 605868.8210237602,
      "max": 750782.0331828498,
      "n": 3
    },
    "buffer_sample_raw_us": {
      "median": 1041.8181170025491,
      "p25": 1035.1046029973077,
      "p75": 1077.8787570015993,
      "iqr": 42.77415400429163,
      "min": 1035.1046029973077,
      "max": 1077.8787570015993,
      "n": 3
    },
    "buffer_sample_aug_us": {
      "median": 980.4369420162403,
      "p25": 970.3497320006136,
      "p75": 1099.9914720014203,
      "iqr": 129.64174000080675,
      "min": 970.3497320006136,
      "max": 1099.9914720014203,
      "n": 3
    },
    "gpu_util_pct": {
      "median": 100.0,
      "p25": 90.625,
      "p75": 100.0,
      "iqr": 9.375,
      "min": 90.625,
      "max": 100.0,
      "n": 3
    },
    "vram_used_gb": {
      "median": 0.104818176,
      "p25": 0.104818176,
      "p75": 0.104818176,
      "iqr": 0.0,
      "min": 0.104818176,
      "max": 0.104818176,
      "n": 3
    },
    "worker_pos_per_hr": {
      "median": 30714.56246944458,
      "p25": 29575.185649240724,
      "p75": 32694.667365707133,
      "iqr": 3119.481716466409,
      "min": 29575.185649240724,
      "max": 32694.667365707133,
      "n": 3
    },
    "worker_batch_fill_pct": {
      "median": 99.96285145751499,
      "p25": 99.96134020618557,
      "p75": 99.97680890538034,
      "iqr": 0.015468699194769897,
      "min": 99.96134020618557,
      "max": 99.97680890538034,
      "n": 3
    },
    "mcts_pool_overflows_total": {
      "median": 0,
      "per_run": [
        0,
        0,
        0
      ]
    }
  },
  "targets_met": {
    "mcts_sim_per_s": true,
    "nn_inference_pos_per_s": true,
    "nn_latency_mean_ms": true,
    "buffer_push_per_s": true,
    "buffer_sample_raw_us": true,
    "buffer_sample_aug_us": true,
    "gpu_util_pct": true,
    "vram_used_gb": true,
    "worker_pos_per_hr": true,
    "worker_batch_fill_pct": true
  },
  "all_targets_met": true
}