{
  "timestamp": "2026-04-18T18:36:06",
  "n_runs": 5,
  "metrics": {
    "mcts_sim_per_s": {
      "median": 69680.2786852471,
      "p25": 69499.52688785038,
      "p75": 69772.66944557556,
      "iqr": 273.14255772517936,
      "min": 69051.53950291041,
      "max": 69924.75794376095,
      "n": 5
    },
    "nn_inference_pos_per_s": {
      "median": 7645.9733219741465,
      "p25": 7645.3760268657325,
      "p75": 7646.11044168771,
      "iqr": 0.7344148219772251,
      "min": 7628.521909652789,
      "max": 7646.577480373887,
      "n": 5
    },
    "nn_latency_mean_ms": {
      "median": 1.8447607822923198,
      "p25": 1.8425948958934493,
      "p75": 1.846768744451563,
      "iqr": 0.0041738485581137574,
      "min": 1.8397337324374046,
      "max": 1.8516726107271906,
      "n": 5
    },
    "buffer_push_per_s": {
      "median": 696879.8940200676,
      "p25": 634531.2949362578,
      "p75": 743658.1944736501,
      "iqr": 109126.89953739231,
      "min": 630996.5175980952,
      "max": 762491.3433744125,
      "n": 5
    },
    "buffer_sample_raw_us": {
      "median": 1496.217774503748,
      "p25": 1487.598068495572,
      "p75": 1498.7011984994751,
      "iqr": 11.103130003903061,
      "min": 1452.862632497272,
      "max": 1517.5711569972918,
      "n": 5
    },
    "buffer_sample_aug_us": {
      "median": 1653.5104059730656,
      "p25": 1518.720421998296,
      "p75": 1811.369693983579,
      "iqr": 292.6492719852831,
      "min": 1464.7451780037954,
      "max": 1923.3149260107893,
      "n": 5
    },
    "gpu_util_pct": {
      "median": 99.90016638935109,
      "p25": 99.90016638935109,
      "p75": 100.0,
      "iqr": 0.09983361064891483,
      "min": 96.66666666666667,
      "max": 100.0,
      "n": 5
    },
    "vram_used_gb": {
      "median": 0.082144768,
      "p25": 0.082144768,
      "p75": 0.082144768,
      "iqr": 0.0,
      "min": 0.082144768,
      "max": 0.082144768,
      "n": 5
    },
    "worker_pos_per_hr": {
      "median": 164051.914525975,
      "p25": 139046.57822797768,
      "p75": 169184.94605449899,
      "iqr": 30138.36782652131,
      "min": 42018.5304612076,
      "max": 175390.68982835265,
      "n": 5
    },
    "worker_batch_fill_pct": {
      "median": 99.5848654812884,
      "p25": 99.56771028255989,
      "p75": 99.84498834498835,
      "iqr": 0.277278062428465,
      "min": 99.47636154703315,
      "max": 99.98498997388548,
      "n": 5
    }
  },
  "targets_met": {
    "mcts_sim_per_s": true,
    "nn_inference_pos_per_s": true,
    "nn_latency_mean_ms": true,
    "buffer_push_per_s": true,
    "buffer_sample_raw_us": true,
    "buffer_sample_aug_us": true,
    "gpu_util_pct": true,
    "vram_used_gb": true,
    "worker_pos_per_hr": true,
    "worker_batch_fill_pct": true
  },
  "all_targets_met": true
}