{
  "timestamp": "2026-07-14T23:31:57",
  "n_runs": 5,
  "metrics": {
    "mcts_sim_per_s": {
      "median": 95949.02519266945,
      "p25": 95659.98257758387,
      "p75": 96008.04751862629,
      "iqr": 348.064941042423,
      "min": 95640.08310516314,
      "max": 96202.66232784999,
      "n": 5
    },
    "nn_inference_pos_per_s": {
      "median": 4878.140396966812,
      "p25": 4878.133701896551,
      "p75": 4878.31377566095,
      "iqr": 0.18007376439891232,
      "min": 4877.157101331152,
      "max": 4884.624236192209,
      "n": 5
    },
    "nn_latency_mean_ms": {
      "median": 2.476175868909599,
      "p25": 2.460703035321785,
      "p75": 2.478887169030107,
      "iqr": 0.018184133708321948,
      "min": 2.459923744366582,
      "max": 2.50507821771963,
      "n": 5
    },
    "buffer_push_per_s": {
      "median": 863427.0019779382,
      "p25": 863326.221558241,
      "p75": 864072.0486061781,
      "iqr": 745.827047937084,
      "min": 577618.3629026042,
      "max": 864238.2032479723,
      "n": 5
    },
    "buffer_sample_raw_us": {
      "median": 888.7675719997787,
      "p25": 884.502117500233,
      "p75": 891.6185115012922,
      "iqr": 7.116394001059234,
      "min": 884.0681075016619,
      "max": 910.6495265004924,
      "n": 5
    },
    "buffer_sample_aug_us": {
      "median": 870.3005559946178,
      "p25": 861.5865239989944,
      "p75": 885.5436419980833,
      "iqr": 23.95711799908895,
      "min": 856.3266720011597,
      "max": 890.872361997026,
      "n": 5
    },
    "gpu_util_pct": {
      "median": 100.0,
      "p25": 100.0,
      "p75": 100.0,
      "iqr": 0.0,
      "min": 95.83333333333333,
      "max": 100.0,
      "n": 5
    },
    "vram_used_gb": {
      "median": 0.104818176,
      "p25": 0.104818176,
      "p75": 0.104818176,
      "iqr": 0.0,
      "min": 0.104818176,
      "max": 0.104818176,
      "n": 5
    },
    "worker_pos_per_hr": {
      "median": 33384.40433176829,
      "p25": 32423.997083327045,
      "p75": 33863.92178866455,
      "iqr": 1439.9247053375038,
      "min": 32034.570789751375,
      "max": 35033.8735404106,
      "n": 5
    },
    "worker_batch_fill_pct": {
      "median": 98.72327200397812,
      "p25": 98.58460994140431,
      "p75": 98.82886415695647,
      "iqr": 0.24425421555216076,
      "min": 98.22740427426537,
      "max": 99.08171733053808,
      "n": 5
    },
    "mcts_pool_overflows_total": {
      "median": 0,
      "per_run": [
        0,
        0,
        0,
        0,
        0
      ]
    }
  },
  "targets_met": {
    "mcts_sim_per_s": true,
    "nn_inference_pos_per_s": true,
    "nn_latency_mean_ms": true,
    "buffer_push_per_s": true,
    "buffer_sample_raw_us": true,
    "buffer_sample_aug_us": true,
    "gpu_util_pct": true,
    "vram_used_gb": true,
    "worker_pos_per_hr": true,
    "worker_batch_fill_pct": true
  },
  "all_targets_met": true
}