{
  "timestamp": "2026-07-15T19:34:16",
  "n_runs": 10,
  "metrics": {
    "mcts_sim_per_s": {
      "median": 91973.76214074745,
      "p25": 91566.16524687326,
      "p75": 92065.58227156107,
      "iqr": 499.4170246878057,
      "min": 90898.92509038406,
      "max": 92876.0385834348,
      "n": 10
    },
    "nn_inference_pos_per_s": {
      "median": 4875.837797200727,
      "p25": 4874.2953584862935,
      "p75": 4877.150526896749,
      "iqr": 2.855168410455917,
      "min": 4874.168236756711,
      "max": 4879.525261720849,
      "n": 10
    },
    "nn_latency_mean_ms": {
      "median": 2.4189579055746435,
      "p25": 2.412057873338603,
      "p75": 2.425072166637013,
      "iqr": 0.013014293298410085,
      "min": 2.4043346822226237,
      "max": 2.4479983667131617,
      "n": 10
    },
    "buffer_push_per_s": {
      "median": 859637.931483261,
      "p25": 857687.5866968473,
      "p75": 866631.4062282221,
      "iqr": 8943.819531374727,
      "min": 844105.5978910977,
      "max": 870554.318532021,
      "n": 10
    },
    "buffer_sample_raw_us": {
      "median": 905.027892000362,
      "p25": 904.2679965004936,
      "p75": 909.7515559988096,
      "iqr": 5.483559498316026,
      "min": 867.2369140003866,
      "max": 917.9904214997805,
      "n": 10
    },
    "buffer_sample_aug_us": {
      "median": 875.6579170039913,
      "p25": 868.8380960011273,
      "p75": 879.7397640009876,
      "iqr": 10.901667999860365,
      "min": 856.5432760005933,
      "max": 885.977001998981,
      "n": 10
    },
    "gpu_util_pct": {
      "median": 100.0,
      "p25": 100.0,
      "p75": 100.0,
      "iqr": 0.0,
      "min": 91.14583333333333,
      "max": 100.0,
      "n": 10
    },
    "vram_used_gb": {
      "median": 0.104818176,
      "p25": 0.104818176,
      "p75": 0.104818176,
      "iqr": 0.0,
      "min": 0.104818176,
      "max": 0.104818176,
      "n": 10
    },
    "worker_pos_per_hr": {
      "median": 31105.067368704942,
      "p25": 29604.80312376493,
      "p75": 32243.8953422919,
      "iqr": 2639.09221852697,
      "min": 28015.51180948295,
      "max": 33624.49484667386,
      "n": 10
    },
    "worker_batch_fill_pct": {
      "median": 99.99346646508513,
      "p25": 99.98008761449621,
      "p75": 99.99486787100626,
      "iqr": 0.014780256510050549,
      "min": 99.78241706396503,
      "max": 99.99797664109971,
      "n": 10
    },
    "mcts_pool_overflows_total": {
      "median": 0,
      "per_run": [
        0,
        0,
        0,
        0,
        0,
        0,
        0,
        0,
        0,
        0
      ]
    }
  },
  "targets_met": {
    "mcts_sim_per_s": true,
    "nn_inference_pos_per_s": true,
    "nn_latency_mean_ms": true,
    "buffer_push_per_s": true,
    "buffer_sample_raw_us": true,
    "buffer_sample_aug_us": true,
    "gpu_util_pct": true,
    "vram_used_gb": true,
    "worker_pos_per_hr": true,
    "worker_batch_fill_pct": true
  },
  "all_targets_met": true
}