{
  "timestamp": "2026-07-15T14:16:00",
  "n_runs": 5,
  "metrics": {
    "mcts_sim_per_s": {
      "median": 95517.15370129287,
      "p25": 92125.91741419169,
      "p75": 96475.66892871291,
      "iqr": 4349.751514521224,
      "min": 90575.91232953926,
      "max": 96724.93673924566,
      "n": 5
    },
    "nn_inference_pos_per_s": {
      "median": 4870.336278463439,
      "p25": 4870.329363651595,
      "p75": 4870.595757840533,
      "iqr": 0.26639418893864786,
      "min": 4870.295423037641,
      "max": 4870.769103215044,
      "n": 5
    },
    "nn_latency_mean_ms": {
      "median": 2.390029488877998,
      "p25": 2.3886555288764715,
      "p75": 2.3930023666636973,
      "iqr": 0.004346837787225777,
      "min": 2.3812690977522126,
      "max": 2.3979972533096667,
      "n": 5
    },
    "buffer_push_per_s": {
      "median": 870290.2069744772,
      "p25": 867056.7844350204,
      "p75": 871598.0873330015,
      "iqr": 4541.302897981135,
      "min": 851509.8035050334,
      "max": 873249.0374273289,
      "n": 5
    },
    "buffer_sample_raw_us": {
      "median": 960.8297099998708,
      "p25": 907.6296759999423,
      "p75": 964.4590274997427,
      "iqr": 56.829351499800396,
      "min": 893.170371999986,
      "max": 971.4859235000404,
      "n": 5
    },
    "buffer_sample_aug_us": {
      "median": 941.2697040006606,
      "p25": 912.2079919998214,
      "p75": 945.9162400016794,
      "iqr": 33.70824800185801,
      "min": 907.4978579992603,
      "max": 964.263227999254,
      "n": 5
    },
    "gpu_util_pct": {
      "median": 100.0,
      "p25": 100.0,
      "p75": 100.0,
      "iqr": 0.0,
      "min": 89.0625,
      "max": 100.0,
      "n": 5
    },
    "vram_used_gb": {
      "median": 0.104818176,
      "p25": 0.104818176,
      "p75": 0.104818176,
      "iqr": 0.0,
      "min": 0.104818176,
      "max": 0.104818176,
      "n": 5
    },
    "worker_pos_per_hr": {
      "median": 29815.333861739153,
      "p25": 29665.369474631298,
      "p75": 29965.062397471003,
      "iqr": 299.6929228397057,
      "min": 29634.666385095195,
      "max": 31105.26211335124,
      "n": 5
    },
    "worker_batch_fill_pct": {
      "median": 99.9948801012809,
      "p25": 99.9903779300755,
      "p75": 99.99953446221075,
      "iqr": 0.009156532135250472,
      "min": 99.9561278400635,
      "max": 99.99968967229394,
      "n": 5
    },
    "mcts_pool_overflows_total": {
      "median": 0,
      "per_run": [
        0,
        0,
        0,
        0,
        0
      ]
    }
  },
  "targets_met": {
    "mcts_sim_per_s": true,
    "nn_inference_pos_per_s": true,
    "nn_latency_mean_ms": true,
    "buffer_push_per_s": true,
    "buffer_sample_raw_us": true,
    "buffer_sample_aug_us": true,
    "gpu_util_pct": true,
    "vram_used_gb": true,
    "worker_pos_per_hr": true,
    "worker_batch_fill_pct": true
  },
  "all_targets_met": true
}