{
  "timestamp": "2026-07-14T23:59:04",
  "n_runs": 5,
  "metrics": {
    "mcts_sim_per_s": {
      "median": 89211.72341351629,
      "p25": 88296.27074495154,
      "p75": 89357.40030757805,
      "iqr": 1061.1295626265055,
      "min": 88175.74150599366,
      "max": 89882.73061724036,
      "n": 5
    },
    "nn_inference_pos_per_s": {
      "median": 4879.048870848599,
      "p25": 4879.046816746077,
      "p75": 4879.192502146065,
      "iqr": 0.1456853999879968,
      "min": 4878.977052398969,
      "max": 4879.213453349828,
      "n": 5
    },
    "nn_latency_mean_ms": {
      "median": 2.329325186777472,
      "p25": 2.3218787886758543,
      "p75": 2.357139157765131,
      "iqr": 0.035260369089276544,
      "min": 2.320453106901065,
      "max": 2.419219728714476,
      "n": 5
    },
    "buffer_push_per_s": {
      "median": 850558.995644765,
      "p25": 843127.8083945223,
      "p75": 850626.4270579261,
      "iqr": 7498.618663403788,
      "min": 839439.8382635333,
      "max": 856462.678895012,
      "n": 5
    },
    "buffer_sample_raw_us": {
      "median": 906.8769914993027,
      "p25": 904.2413504976139,
      "p75": 909.3469875006122,
      "iqr": 5.1056370029982645,
      "min": 901.1873794988787,
      "max": 933.9101940022374,
      "n": 5
    },
    "buffer_sample_aug_us": {
      "median": 898.5514819942182,
      "p25": 887.3721220006701,
      "p75": 905.0296399946092,
      "iqr": 17.65751799393911,
      "min": 881.548172008479,
      "max": 973.8308559899451,
      "n": 5
    },
    "gpu_util_pct": {
      "median": 100.0,
      "p25": 100.0,
      "p75": 100.0,
      "iqr": 0.0,
      "min": 94.79166666666667,
      "max": 100.0,
      "n": 5
    },
    "vram_used_gb": {
      "median": 0.104818176,
      "p25": 0.104818176,
      "p75": 0.104818176,
      "iqr": 0.0,
      "min": 0.104818176,
      "max": 0.104818176,
      "n": 5
    },
    "worker_pos_per_hr": {
      "median": 30384.70588683986,
      "p25": 30144.573331454656,
      "p75": 30954.354527280433,
      "iqr": 809.7811958257771,
      "min": 28825.004239308248,
      "max": 33534.08696378759,
      "n": 5
    },
    "worker_batch_fill_pct": {
      "median": 99.48154112983151,
      "p25": 99.43857086263247,
      "p75": 99.62743723953166,
      "iqr": 0.18886637689918473,
      "min": 99.21728308133216,
      "max": 99.68002407186817,
      "n": 5
    },
    "mcts_pool_overflows_total": {
      "median": 0,
      "per_run": [
        0,
        0,
        0,
        0,
        0
      ]
    }
  },
  "targets_met": {
    "mcts_sim_per_s": true,
    "nn_inference_pos_per_s": true,
    "nn_latency_mean_ms": true,
    "buffer_push_per_s": true,
    "buffer_sample_raw_us": true,
    "buffer_sample_aug_us": true,
    "gpu_util_pct": true,
    "vram_used_gb": true,
    "worker_pos_per_hr": true,
    "worker_batch_fill_pct": true
  },
  "all_targets_met": true
}