{
  "timestamp": "2026-07-15T21:19:45",
  "n_runs": 5,
  "metrics": {
    "mcts_sim_per_s": {
      "median": 96425.70330517791,
      "p25": 96284.33939459831,
      "p75": 96727.2985484877,
      "iqr": 442.9591538893874,
      "min": 96132.77163729066,
      "max": 96778.58509109166,
      "n": 5
    },
    "nn_inference_pos_per_s": {
      "median": 4890.217749939622,
      "p25": 4886.837021668474,
      "p75": 4890.553142232887,
      "iqr": 3.7161205644124493,
      "min": 4875.780974883315,
      "max": 4890.716830772989,
      "n": 5
    },
    "nn_latency_mean_ms": {
      "median": 2.3656888399515688,
      "p25": 2.3646738710764716,
      "p75": 2.368443808865979,
      "iqr": 0.003769937789507516,
      "min": 2.3608108132935337,
      "max": 2.371714095643256,
      "n": 5
    },
    "buffer_push_per_s": {
      "median": 868299.6141666692,
      "p25": 867593.1405556618,
      "p75": 869293.9976052337,
      "iqr": 1700.8570495719323,
      "min": 864664.9729329555,
      "max": 869811.411637514,
      "n": 5
    },
    "buffer_sample_raw_us": {
      "median": 884.7850739985006,
      "p25": 881.3051384986466,
      "p75": 884.8735574993043,
      "iqr": 3.568419000657741,
      "min": 880.6164375000662,
      "max": 927.225408000595,
      "n": 5
    },
    "buffer_sample_aug_us": {
      "median": 877.3927060028655,
      "p25": 875.487739998789,
      "p75": 885.0774940001429,
      "iqr": 9.589754001353867,
      "min": 870.214324000699,
      "max": 886.1062700016191,
      "n": 5
    },
    "gpu_util_pct": {
      "median": 100.0,
      "p25": 100.0,
      "p75": 100.0,
      "iqr": 0.0,
      "min": 89.0625,
      "max": 100.0,
      "n": 5
    },
    "vram_used_gb": {
      "median": 0.104818176,
      "p25": 0.104818176,
      "p75": 0.104818176,
      "iqr": 0.0,
      "min": 0.104818176,
      "max": 0.104818176,
      "n": 5
    },
    "worker_pos_per_hr": {
      "median": 29995.420183764396,
      "p25": 29995.39234754062,
      "p75": 30175.36117517033,
      "iqr": 179.96882762970927,
      "min": 29604.920209421307,
      "max": 30595.100186802152,
      "n": 5
    },
    "worker_batch_fill_pct": {
      "median": 99.99705568779133,
      "p25": 99.99364017671002,
      "p75": 99.99814024995041,
      "iqr": 0.004500073240393476,
      "min": 99.98947707239773,
      "max": 99.99969013386217,
      "n": 5
    },
    "mcts_pool_overflows_total": {
      "median": 0,
      "per_run": [
        0,
        0,
        0,
        0,
        0
      ]
    }
  },
  "targets_met": {
    "mcts_sim_per_s": true,
    "nn_inference_pos_per_s": true,
    "nn_latency_mean_ms": true,
    "buffer_push_per_s": true,
    "buffer_sample_raw_us": true,
    "buffer_sample_aug_us": true,
    "gpu_util_pct": true,
    "vram_used_gb": true,
    "worker_pos_per_hr": true,
    "worker_batch_fill_pct": true
  },
  "all_targets_met": true
}